{"SC": {"moda": 850, "mediana": 653, "media": 649.537653, "desvio_padrao": 97.233493}, "RS": {"moda": 850, "mediana": 650, "media": 651.105143, "desvio_padrao": 95.136598}, "PR": {"moda": 850, "mediana": 650, "media": 648.961294, "desvio_padrao": 98.607186}}
